<?xml version="1.0" encoding="UTF-8"?>
<document type="com.apple.InterfaceBuilder3.CocoaTouch.Storyboard.XIB" version="3.0" toolsVersion="12120" systemVersion="16D32" targetRuntime="iOS.CocoaTouch" propertyAccessControl="none" useAutolayout="YES" useTraitCollections="YES" colorMatched="YES">
    <device id="retina4_7" orientation="portrait">
        <adaptation id="fullscreen"/>
    </device>
    <dependencies>
        <deployment identifier="iOS"/>
        <plugIn identifier="com.apple.InterfaceBuilder.IBCocoaTouchPlugin" version="12088"/>
    </dependencies>
    <scenes>
        <!--Storyboard Reference-->
        <scene sceneID="2t0-PA-JRg">
            <objects>
                <viewControllerPlaceholder id="TXk-Jm-Wwe" sceneMemberID="viewController"/>
                <placeholder placeholderIdentifier="IBFirstResponder" id="mif-6Y-GIM" userLabel="First Responder" sceneMemberID="firstResponder"/>
            </objects>
            <point key="canvasLocation" x="1353" y="332"/>
        </scene>
    </scenes>
</document>
